date,NO2,CO,SO2
2025-08-31,2.9484980586858e-05,0.0254463581368327,-5.799156497232616e-06
2025-09-01,4.005007394880522e-05,0.0273051164112985,-0.0002345474167668
2025-09-02,3.5355754334887024e-05,0.0247259543587764,-0.0001333970139966
2025-09-03,3.066143472096883e-05,,-3.22466112265829e-05
2025-09-04,2.0933748942297825e-05,0.0278017992774645,7.841700744393165e-05
2025-09-05,4.19695679738652e-05,0.0321721117943525,3.4909362511825754e-08
2025-09-06,5.055340686036895e-05,0.0318886716850101,0.000191295534023
2025-09-07,5.91372457468727e-05,0.0287767636279264,
2025-09-08,6.772108463337645e-05,0.0256648555708427,0.0003898909781128
2025-09-09,4.439836811798159e-05,0.0225529475137591,0.0002749074701568
2025-09-10,2.107565160258673e-05,,0.0001599239622009
2025-09-11,3.1861029583524214e-05,0.0288758871611207,-0.0008104098233161
2025-09-12,3.21058200825064e-05,0.0308897257782518,-3.568394095054828e-05
2025-09-13,3.2366201594413724e-05,0.0293517434038221,-1.817634040435223e-05
2025-09-14,5.21713009220548e-05,0.0329640004783868,
2025-09-15,7.161739146492134e-05,0.0301978792995214,0.0001474756727475
2025-09-16,2.1356077922973785e-05,,-0.0001343343731908
2025-09-17,,0.032775055617094,-0.0001179616562391
2025-09-18,1.888451606646413e-05,0.0263550085946917,
2025-09-19,1.7648735138209304e-05,0.0294034058849016,
2025-09-20,1.6412954209954478e-05,0.0242103009174267,-6.884350538408128e-05
2025-09-21,2.899615598532061e-05,0.0283648264594376,-5.2470788432401605e-05
2025-09-22,7.737396481388714e-05,0.0329321846365928,0.0001380194344164
2025-09-23,3.192681788277696e-05,,-0.0001009986808639
2025-09-24,3.5210845453548245e-05,0.0322544956579804,5.839871482749004e-05
2025-09-25,4.235373671690468e-05,,-0.0005262335762381
2025-09-26,,0.0316934848669916,1.5177678733380162e-05
2025-09-27,1.1063856163673336e-05,0.0370052978396415,
2025-09-28,1.3969771316624248e-05,0.0307394261471927,
2025-09-29,1.5836212772531628e-05,,6.056944039301016e-05
2025-09-30,2.790113834786704e-05,0.028521563236912,-4.354259544924492e-05
2025-10-01,3.9966063923202455e-05,0.0268706331650415,-0.0001476546312915
2025-10-02,,0.0252197030931711,0.0002361642145842
2025-10-03,2.585522042863886e-05,0.0358099900186061,
2025-10-04,8.106217501335777e-05,0.0409802533686161,0.0006931527750566
2025-10-05,1.3907409766034108e-05,0.0352138988673687,
2025-10-06,2.9678902744005125e-05,,-7.521742736571468e-05
2025-10-07,4.982990412827348e-05,0.0403962731361389,
2025-10-08,4.614559566107346e-05,0.0376136992126703,2.542668516980484e-05
2025-10-09,6.939973718544934e-05,0.040074611082673,-2.9472475944203325e-05
2025-10-10,5.5921499248749264e-05,0.0374381588771939,7.20251512878652e-05
2025-10-11,3.767521914828838e-05,0.0348348756087943,-8.227749094658066e-05
2025-10-12,1.942893904782749e-05,0.0322315923403948,4.401799742481672e-07
2025-10-13,2.665664255729893e-05,0.0296283090719952,-2.947258735730429e-05
2025-10-14,3.388434606677038e-05,0.0270250258035957,-5.938535468885675e-05
2025-10-15,3.237730106775416e-05,0.0340612567961216,-6.945785344214528e-05
2025-10-16,2.9836801786586875e-05,,1.3675378795596773e-05
2025-10-17,,0.0325145721435546,7.561811071354896e-05
2025-10-18,1.6611748227054097e-05,0.0334889795631169,0.0001010222895274
2025-10-19,2.111137337124092e-05,0.0344633869826793,0.000112623150926
2025-10-20,2.3626099937246182e-05,0.0344663986137934,3.012512934215e-05
2025-10-21,2.614082650325145e-05,0.0344694102449075,-5.23728922417e-05
2025-10-22,,0.0344724218760217,
2025-10-23,3.1170279635261976e-05,0.0344754335071358,-0.0002173689354094
2025-10-24,3.368500620126724e-05,0.03447844513825,-9.87619860097766e-05
2025-10-25,3.854235274047824e-05,0.0344814567693641,-3.394863415451256e-05
2025-10-26,4.339969927968923e-05,0.0344844684004783,3.08647177007515e-05
2025-10-27,3.702174512909551e-05,0.0292936731129884,3.544546916600666e-05
2025-10-28,,0.0241028778254985,4.002622063126182e-05
2025-10-29,2.8428907878858605e-05,,6.933145732546109e-05
2025-10-30,2.621402477921543e-05,0.0276474418739477,9.863669401966035e-05
2025-10-31,2.399914167957225e-05,0.0294197238981723,1.615926157683134e-05
2025-11-01,2.5990324957092525e-05,0.0301857721060514,-8.626061026006937e-05
2025-11-02,2.79815082346128e-05,0.0307198613882064,3.182794898746532e-05
2025-11-03,2.997269151213307e-05,0.0312539506703614,0.000149916508235
2025-11-04,3.1963874789653346e-05,0.0317880399525165,3.030851530638756e-05
2025-11-05,,,0.000127720390689
2025-11-06,2.789878787249715e-05,0.0308971074409782,-0.0002895998186431
2025-11-07,3.091705123855112e-05,0.0288989208638668,0.0004319994659454
2025-11-08,2.8742120775859803e-05,,
2025-11-09,,0.0294059173992046,0.0002145922719591
2025-11-10,2.439225985047718e-05,0.0296594156668736,0.000105888674966
2025-11-11,2.2217329387785867e-05,0.0299129139345425,
2025-11-12,2.2398048915622185e-05,,-1.4643536815128757e-05
2025-11-13,2.2578768443458503e-05,0.0304199104698804,-2.6472151603229577e-05
2025-11-14,2.2759487971294824e-05,0.0306734087375493,-3.83007663913304e-05
2025-11-15,2.2940207499131146e-05,0.0309269070052183,-5.012938117943122e-05
2025-11-16,,0.0311804052728872,-6.195799596753204e-05
2025-11-17,2.3301646554803785e-05,0.0314339035405561,-7.378661075563286e-05
2025-11-18,,0.0316874018082251,-8.561522554373369e-05
2025-11-19,2.3663085610476424e-05,0.031940900075894,-2.306715363431522e-05
2025-11-20,2.3843805138312742e-05,,3.948091827510325e-05
2025-11-21,2.468735237926012e-05,,-0.0003100623689533
2025-11-22,2.7833509193442296e-05,0.0264048463432117,-0.0002926152510553
2025-11-23,3.0979666007624473e-05,0.0269284339156,-0.0002751681331573
2025-11-24,3.273263973824214e-05,0.0274520214879884,-0.0002577210152593
2025-11-25,3.448561346885981e-05,0.0279756090603768,-0.0002402738973613
2025-11-26,3.623858719947748e-05,0.0278254017854729,-0.0002228267794634
2025-11-27,3.367365934536792e-05,0.0276751945105691,-0.0002053796615654
2025-11-28,3.110873149125837e-05,0.0275249872356653,-0.0001879325436674
2025-11-29,,0.0285115386359393,-0.0001704854257694
2025-11-30,,0.0267194543654719,
2025-12-01,2.34139479289297e-05,,-0.0001355911899735
2025-12-02,2.3927156462377752e-05,0.0231352858245372,-0.0001181440720755
2025-12-03,1.7217207641806453e-05,0.0291961965461572,-0.0001006969541776
2025-12-04,1.816501060147857e-05,0.0286832482243577,-0.0002128107057614
2025-12-05,1.9112813561150688e-05,,-0.0003249244573453
2025-12-06,1.827011726618366e-05,,-0.0001865122972048
2025-12-07,1.7427420971216634e-05,0.0271444032589594,
2025-12-08,2.4942301934061103e-05,0.02663145493716,0.0003818406767095
2025-12-09,3.553311353243771e-05,0.0264424535756309,6.772952679060001e-05
2025-12-10,4.612392513081432e-05,0.0262534522141019,-0.0002463816231283
2025-12-11,,0.0260644508525729,-0.000167112055351
2025-12-12,,0.0258754494910438,-0.0003626761172199
2025-12-13,2.5119863494182937e-05,0.0256864481295148,0.0002062195708276
2025-12-14,2.4027655854297336e-05,0.0254974467679858,1.925186855559997e-05
2025-12-15,2.2935448214411736e-05,0.0297697181813418,-0.0001677158337164
2025-12-16,1.462196037493868e-05,0.0301517301704734,
2025-12-17,6.308472535465626e-06,0.030533742159605,6.84865926814382e-06
2025-12-18,,,1.7285747048845224e-05
2025-12-19,1.33629905150201e-05,0.0280583822168409,
2025-12-20,,,3.815992261024803e-05
2025-12-21,2.0417508494574577e-05,0.0281041073612868,4.859701039094944e-05
2025-12-22,1.9256144393390667e-05,0.0281269699335098,-2.4591153002499293e-05
2025-12-23,,0.0266757342033088,
2025-12-24,2.0684838091256097e-05,0.0269788457080721,0.0002399329823674
2025-12-25,2.544811468396801e-05,0.0278134575734535,-1.858687937783543e-05
2025-12-26,2.189509400017818e-05,0.0275520318897351,0.0001192778508993
2025-12-27,,0.0272906062060168,0.0001286935639654
2025-12-28,1.4789052632598516e-05,0.0270291805222984,0.0001381092770316
2025-12-29,1.72101017597015e-05,0.0267677548385801,
2025-12-30,1.7880666837299942e-05,0.0265063291548617,0.0001122995478605
2025-12-31,1.855123191489838e-05,0.0262449034711434,8.826672249896159e-05
2026-01-01,1.922179699249682e-05,0.025983477787425,6.423389713742318e-05
2026-01-02,1.989236207009526e-05,0.0257220521037066,4.020107177588476e-05
2026-01-03,2.05629271476937e-05,0.0254606264199883,
2026-01-04,2.123349222529214e-05,0.02519920073627,-7.864578947192058e-06
2026-01-05,2.1904057302890578e-05,0.0249377750525516,1.3357759371501746e-05
2026-01-06,2.257462238048902e-05,0.0246763493688333,3.458009769019555e-05
2026-01-07,2.3245187458087456e-05,0.0244149236851149,5.580243600888935e-05
2026-01-08,2.3915752535685897e-05,0.0241534980013966,7.702477432758315e-05
2026-01-09,2.432527981000021e-05,0.0245492003547648,0.0001140341798115
2026-01-10,2.4734807084314525e-05,0.024944902708133,0.0001069300515155
2026-01-11,2.514433435862884e-05,0.0253406050615012,9.982592321950662e-05
2026-01-12,2.5553861632943157e-05,0.0257363074148694,9.272179492350992e-05
2026-01-13,,0.0261320097682376,8.561766662751324e-05
2026-01-14,2.6436109692440368e-05,,-2.433604095131159e-06
2026-01-15,,0.0262635491788386,
2026-01-16,2.738155126280617e-05,0.0259993862360715,-0.0002842532218589
2026-01-17,2.785427204798907e-05,0.0257352232933043,-0.0004251630307408
2026-01-18,2.832699283317197e-05,0.0254710603505372,-0.0001255854294868
2026-01-19,2.8799713618354872e-05,,0.0001739921717671
2026-01-20,2.4180941704798897e-05,0.0257535586133599,0.0001461863568692
2026-01-21,1.956216979124292e-05,0.0263002198189497,0.0001183805419713
2026-01-22,,,9.057472707351754e-05
2026-01-23,,0.0248824836065371,6.276891217565672e-05
2026-01-24,5.705854050574999e-06,,
2026-01-25,2.216986285930033e-05,0.0312157380394637,3.769590512092691e-05
2026-01-26,2.1076652956253377e-05,0.022766338661313,1.1925579883609316e-05
2026-01-27,1.9983443053206425e-05,,
2026-01-28,1.8890233150159474e-05,0.0274551802625258,-3.961507059102587e-05
2026-01-29,1.779702324711252e-05,0.0297996010631322,-6.538539582834346e-05
2026-01-30,1.4275215448833478e-05,,
2026-01-31,4.082638588442933e-05,0.0332844364456832,0.0002713867761485
2026-02-01,3.630014483254248e-05,0.0322800772264599,
2026-02-02,,0.0321738116908818,-0.0001449739065719
2026-02-03,2.7247662728768773e-05,0.0320675461553037,0.0001418383162672
2026-02-04,2.836789303728437e-05,0.0262257293798029,-6.272763084780308e-05
2026-02-05,2.8983786421576945e-05,,-6.949161695501971e-05
2026-02-06,2.9599679805869524e-05,0.033548716455698,-7.625560306223633e-05
2026-02-07,3.02155731901621e-05,0.0331270284950733,-8.301958916945296e-05
2026-02-08,3.083146657445468e-05,0.0327053405344486,
2026-02-09,2.9878170477916557e-05,0.0322836525738239,-2.8603712507901943e-05
2026-02-10,2.8924874381378425e-05,,3.257615026086569e-05
2026-02-11,2.79715782848403e-05,0.0314402766525745,6.488025731717426e-05
2026-02-12,2.7018282188302173e-05,0.0310185886919498,9.718436437348284e-05
2026-02-13,2.6064986091764043e-05,0.0305969007313251,0.0001294884714297
2026-02-14,,0.0301752127707004,0.0001617925784861
2026-02-15,2.415839389868779e-05,0.0297535248100757,8.962857418737258e-05
2026-02-16,2.1939924408798103e-05,0.029290482505328,0.0001399551515532
2026-02-17,2.1163221845199583e-05,0.0288274402005804,0.0001149153513323
2026-02-18,2.0386519281601064e-05,,8.987555111155006e-05
2026-02-19,1.9609816718002545e-05,0.0279013555910851,6.48357508907251e-05
2026-02-20,,0.0274383132863375,3.9795950669900136e-05
2026-02-21,,,1.4756150449075174e-05
2026-02-22,1.727970902720699e-05,,-1.0283649771749789e-05
2026-02-23,1.650300646360847e-05,0.0260491863720946,-3.532344999257475e-05
2026-02-24,1.5726303900009952e-05,0.025586144067347,6.687969289439387e-07
2026-02-25,1.4949601336411432e-05,0.0251231017625993,3.666104385046263e-05
2026-02-26,1.4172898772812916e-05,0.0246600594578517,
2026-02-27,1.3396196209214397e-05,0.0241970171531041,0.0001086455376935
2026-02-28,,0.0251153167337179,0.0002832891404978
2026-03-01,1.4367463071115102e-05,0.0258297268301248,
2026-03-02,1.4853096502065457e-05,0.0258463041391223,9.948059960152024e-05
2026-03-03,1.533872993301581e-05,0.0258628814481198,7.576329153380357e-06
2026-03-04,1.582436336396616e-05,0.0258794587571173,-8.432794129475951e-05
2026-03-05,1.6309996794916515e-05,0.0258960360661149,4.930983959638979e-05
2026-03-06,1.6795630225866866e-05,0.0250460084062069,0.0001510254514869
2026-03-07,1.728126365681722e-05,0.024195980746299,-0.0001072033607366
2026-03-08,1.7063913200369523e-05,,-1.9076421570642563e-05
2026-03-09,,0.0351219805888831,
2026-03-10,9.832557168465428e-06,0.033294160850346,-0.0002237711414636
2026-03-11,2.818551593009033e-06,0.0314663411118089,-0.0001195811282741
2026-03-12,1.8647266188054346e-05,0.0296385213732719,5.0584518248797394e-05
2026-03-13,,0.0265584485605359,3.613864646467846e-05
2026-03-14,2.9268796879478032e-05,0.0330374175682663,0.0001287365857933
2026-03-15,3.5904191918234574e-05,0.0319401170127093,7.451669716829201e-07
2026-03-16,1.9317938495078124e-05,0.0300628067925572,9.758015221450478e-05
2026-03-17,,,
2026-03-18,1.848006877480657e-05,0.0276868579288323,8.755297858442646e-05
2026-03-19,3.3574755434528925e-05,,
2026-03-20,3.154047362841084e-05,0.0281541376607492,
2026-03-21,2.950619182229275e-05,0.0269248283002525,0.0002338418639737
2026-03-22,2.747191001617466e-05,0.0256955189397558,0.0001327610486896
2026-03-23,2.5437628210056573e-05,0.0244662095792591,3.168023340549553e-05
2026-03-24,3.778877726290375e-05,0.031238853931427,-0.0001082233502529
2026-03-25,2.607836177048739e-05,0.0352411394317944,
2026-03-26,2.2197661792233703e-05,0.0285409372299909,1.1953700777667107e-05
2026-03-27,1.831696181398001e-05,0.0295921231930454,0.0001564120630064
2026-03-28,3.064036718569696e-05,0.0306433091560998,-0.0003183328553859
2026-03-29,4.060337869304931e-05,0.0316944951191544,0.0006008520213072
2026-03-30,3.407902780357593e-05,,0.0002658943706137
2026-03-31,2.755467691410255e-05,0.0276479285417331,-6.906328007971752e-05
2026-04-01,2.1030326024629176e-05,0.0256246452530225,-0.0002608951035654
2026-04-02,2.5614855985622853e-05,,
2026-04-03,3.019938594661653e-05,0.0288546488930781,4.3861500671482645e-05
2026-04-04,2.8919965188833885e-05,0.0283355281377831,4.459405698753472e-05
2026-04-05,2.764054443105124e-05,0.0278164073824882,4.532661330358678e-05
2026-04-06,2.6498267743590983e-05,0.0300376927480101,6.12389176239958e-05
2026-04-07,1.706365810605348e-05,0.0288359280675649,0.0001919991900649
2026-04-08,2.2306984192255183e-05,0.0276341633871197,9.471231351199094e-05
2026-04-09,2.390914341958705e-05,0.0274882200174033,0.0001922504585915
2026-04-10,,0.0273422766476869,
2026-04-11,2.7113461874250783e-05,0.0271963332779705,0.0003873267487506
2026-04-12,2.8715621101582653e-05,0.027050389908254,0.0002088799446937
2026-04-13,,0.0269044465385377,
2026-04-14,3.351609120727517e-05,0.0280079294461756,9.5439083679555e-05
2026-04-15,3.671440208563581e-05,0.0291114123538136,0.0001670535361881
2026-04-16,3.5714109912987624e-05,0.0245350957848131,0.000203278886147
2026-04-17,3.471381774033944e-05,0.0274437530897557,0.0003958962697652
2026-04-18,2.8837451850449728e-05,0.0241431496106088,3.1103230867302045e-05
2026-04-19,2.2961085960560013e-05,0.0284469835460186,-0.0003329507150435
2026-04-20,,0.0289493380114436,0.0003035875856767
2026-04-21,6.271617022927481e-05,,0.0002980277013193
2026-04-22,3.858625207916096e-05,,0.0002924678169619
2026-04-23,1.4456333929047103e-05,0.0278726249622801,0.0002869079326046
2026-04-24,1.2335659448581282e-05,0.0285764168947935,1.2103627341275567e-05
2026-04-25,,0.0247733956202864,9.063746665558778e-05
2026-04-26,,0.0280682919546961,
2026-04-27,3.089268566327519e-05,0.0276130516082047,-0.0002263245041831
2026-04-28,2.9675909172510728e-05,0.0271578112617134,
2026-04-29,2.845913268174627e-05,0.026702570915222,5.053201130065196e-05
2026-04-30,,0.0262473305687307,-7.813698175596073e-06
2026-05-01,2.602557970021735e-05,0.0257920902222394,0.0004845555085921
2026-05-02,3.225309683330124e-05,0.0216633342206478,0.0002789800219033
2026-05-03,3.8480613966385135e-05,0.0224743501748889,
2026-05-04,4.470813109946903e-05,,-7.474041427713018e-05
2026-05-05,4.997570795239881e-05,0.0240963820833712,0.0001665783972554
2026-05-06,4.2676026168919634e-05,0.0249073980376124,
2026-05-07,3.0261506253737025e-05,0.0285462960600852,-2.056938888017612e-05
2026-05-08,,0.0274646766483783,0.000233069389651
2026-05-09,,0.0292778748553245,0.0011950940897804
2026-05-10,,0.0310910730622708,0.0001815374780562
2026-05-11,7.370559311918138e-06,0.0256012752652168,5.506386999816944e-05
2026-05-12,9.45496740314411e-05,0.0324743641540408,4.4309578811407846e-05
2026-05-13,4.799359794560587e-05,0.0321183130145072,0.0002371995196881
2026-05-14,4.10607529677994e-05,0.0308121847920118,0.0001266937906621
2026-05-15,,0.0295060565695166,0.0001655820669838
2026-05-16,2.719506301218644e-05,0.0203225445002317,0.0002044703433057
2026-05-17,4.077964695170522e-05,0.0302780731581151,0.0003468890984853
2026-05-18,1.747207193147915e-05,,0.0003038516495053
2026-05-19,,0.0262864334508776,
2026-05-20,,0.024779050455739,6.807687623222591e-05
2026-05-21,2.344248605368193e-05,0.0232716674606005,4.7728040954098105e-05
2026-05-22,4.037325197714381e-05,0.0308911707252264,0.0001260278386325
2026-05-23,2.192830561398296e-05,0.0266788215376436,0.0001597375727016
2026-05-24,2.8008899789710995e-05,0.0342018865048885,0.0007067824481055
2026-05-25,4.390288177091861e-05,0.030189860612154,0.0002198674937972
2026-05-26,2.33845753427886e-05,0.0304694334045052,-2.6458801585249603e-05
2026-05-27,2.8590014608198544e-05,0.027155568357557,5.656133771481109e-05
2026-05-28,2.662144561327296e-05,0.0293822425107161,5.675595821230672e-05
2026-05-29,,0.0296812256177266,-4.9240674343309365e-05
2026-05-30,3.753390456040506e-05,0.0247846622951328,0.0002094108021992
2026-05-31,3.709027714648983e-05,0.030672401189804,
2026-06-01,4.553818052954739e-05,0.0246007046662271,-6.825448144809343e-05
2026-06-02,7.706783253524918e-05,0.0318359564989805,4.58322319900617e-05
2026-06-03,0.000210898797377,0.0285271853208541,
2026-06-04,3.073078869419987e-05,0.029498241841793,0.0001450150014079
2026-06-05,3.6281113959072776e-05,0.0269420430995523,5.8113146224059165e-06
2026-06-06,2.414207335732499e-05,0.0232262662611901,-0.0001226306303578
2026-06-07,4.668962810683297e-05,0.0263586696237325,
2026-06-08,8.68340957822511e-05,0.0315212924033403,
2026-06-09,0.0001134342916581,0.0347035881131887,-2.9903458198532466e-05
2026-06-10,5.755709298682632e-05,0.0321139032021164,
2026-06-11,0.0001343334934063,0.0306996265426278,0.0004444097576197
2026-06-12,8.097749832813744e-05,0.0283488810528069,0.0001646769910621
2026-06-13,,0.0259981355629861,-0.0001150557754954
2026-06-14,,0.0308240850766499,-4.3383060983615e-05
2026-06-15,3.932490290026181e-05,0.0279473215341568,0.0003103682174696
2026-06-16,,0.0312668569386005,0.0001173840773844
2026-06-17,4.584119657617217e-05,0.0246807080693542,8.23102964204736e-05
2026-06-18,,,0.0001112569120778
2026-06-19,4.467734379431931e-05,0.0293832911799351,0.0002124386428477
2026-06-20,3.250519557695952e-05,0.0306969098746776,0.0003451419979683
2026-06-21,2.033304735959973e-05,0.0287477006204426,0.0001546271232655
2026-06-22,3.0166617989380026e-05,0.0258756447583436,-4.079480640939437e-05
2026-06-23,4.0000188619160326e-05,0.031676257494837,0.000236298549737
2026-06-24,4.983375924894062e-05,0.0212708972394466,5.913777931709774e-05
2026-06-25,5.966732987872092e-05,0.028518009930849,0.0001032516399088
2026-06-26,3.034825840586564e-05,0.0298310527577996,5.127763870405033e-05
2026-06-27,2.730783944571158e-05,0.030638214200735,-0.0001421876613676
2026-06-28,7.595236820634454e-05,0.0296640298329293,0.0001788980671335
2026-06-29,,0.0213027680292725,-0.0002708824304136
2026-06-30,6.588961150555406e-05,,0.0003455501482676
2026-07-01,2.36483820117428e-05,0.026744564063847,0.0006808792313677
2026-07-02,,0.0338241849094629,0.0004007501265732
2026-07-03,3.322889642731752e-05,0.0245816023088991,0.0002197390410098
2026-07-04,1.863682632574637e-05,0.0280000348575413,7.673550862818956e-05
2026-07-05,3.363522955623921e-05,,4.537492804956855e-05
2026-07-06,1.8364627976552583e-05,0.0292288907803595,5.625992798741208e-05
2026-07-07,4.865175924351206e-05,0.0325794881209731,6.714492792525562e-05
2026-07-08,7.064262808853528e-05,0.0289278564353783,0.0004192463602521
2026-07-09,0.0001383916660415,0.0280755863835414,
2026-07-10,9.039792712428608e-05,0.0251513393595814,0.0001947968930835
2026-07-11,7.327770617848728e-05,0.0284973897505551,0.0004761630952998
2026-07-12,4.135307426622603e-05,0.0318434401415288,-5.063881690148264e-05
2026-07-13,4.562025424093008e-05,0.0304718115366995,-8.801970579952467e-06
2026-07-14,2.82001929008402e-05,,
2026-07-15,4.365038694231771e-05,0.0268869106657803,8.292232087114826e-05
2026-07-16,4.621057451004162e-05,0.0283703985624015,3.610323801694904e-05
2026-07-17,4.894164339930285e-05,0.0283599975518882,
2026-07-18,3.3647610507614445e-05,0.0322138145565986,0.0001710327160253
2026-07-19,8.298856482724659e-05,0.0328915771096944,0.0003105952278019
2026-07-20,3.443116611379082e-05,0.0315831831345955,-0.0001251639923793
2026-07-21,5.3233487051329575e-05,0.0333472912510236,-0.0002376784013904
2026-07-22,4.127661850361619e-05,0.0347567945718765,-0.0001459065806557
2026-07-23,4.150233507971279e-05,0.0361175257712602,
2026-07-24,3.945302523788996e-05,0.0329884309321641,0.0004405038816912
2026-07-25,4.694554263551254e-05,0.0274013276211917,-0.0001824479168135
2026-07-26,3.952403039875208e-05,0.0296304463408887,3.1872422823653324e-05
2026-07-27,3.48373898001834e-05,0.0306365029472443,0.000239327271629
2026-07-28,3.015074920161472e-05,0.0316425595535999,0.0001343321055173
2026-07-29,2.5464108603046043e-05,0.0326486161599556,2.933693940576632e-05
2026-07-30,2.03912049983046e-05,0.0315141081809997,
2026-07-31,3.648401798272971e-05,0.0353931623200575,0.0001004991891022
2026-08-01,2.7630818597875383e-05,0.033758751116693,0.0001253649582698
2026-08-02,1.877761921302105e-05,,-0.0001214061048813
2026-08-03,2.5616119576928515e-05,,-0.0001348189956236
2026-08-04,3.566612031136174e-05,0.0298990323208272,-9.857804495065162e-06
2026-08-05,,0.0309875532984733,0.0001457241584527
2026-08-06,4.0252133658214007e-05,0.0274064652621746,
2026-08-07,4.4682731640932616e-05,0.0303370705805718,0.0002198813153881
2026-08-08,5.0794490562111605e-05,0.0300170381863911,0.0003603891600505
2026-08-09,,0.0310518788173794,0.000391667101212
2026-08-10,3.441622720856685e-05,0.0300888195633888,0.0001061958064383
2026-08-11,8.531004550604848e-05,0.0302569679915905,0.0003952806000597
2026-08-12,3.969591610560504e-05,0.0325512662529945,0.0002344106687814
2026-08-13,4.579195683618309e-05,0.0314749032258987,0.0001220792619278
2026-08-14,4.5070843952998985e-05,0.0383138681451479,3.0956299724493874e-05
2026-08-15,3.0066782386484192e-05,0.0350925549864769,-1.771263669070322e-05
2026-08-16,,0.0326877157203853,4.084072861587629e-05
2026-08-17,2.28712301577616e-05,0.03485360275954,0.0002384483232162
2026-08-18,2.646745247147919e-05,,-4.787487478097319e-05
2026-08-19,3.006367478519678e-05,0.0275438381358981,0.0001163775862854
2026-08-20,2.7380813662603032e-05,,1.4972784867950397e-05
2026-08-21,2.3771904428334285e-05,0.0301223210990428,6.546739541590796e-05
2026-08-22,5.330009844328743e-05,0.0299336109310388,
2026-08-23,5.753860114054987e-05,0.0354042155668139,-0.0005767603506683
2026-08-24,3.200162336725043e-05,0.0305250696837902,0.0001181549769171
2026-08-25,2.794345118672936e-05,0.0314893973991274,-2.3394926756736822e-05
2026-08-26,5.5741770438544336e-05,0.0296075041405856,-0.0001057288136507
2026-08-27,8.354008969035931e-05,0.0359049886465072,-8.81915730133187e-05
2026-08-28,6.420494901249185e-05,0.0417198128998279,
2026-08-29,3.759505489142612e-05,0.0385938324034214,
2026-08-30,1.591534510225756e-05,0.0320899905636906,-0.0001661760834394
2026-08-31,1.591534510225756e-05,0.0320899905636906,-0.0001661760834394
