date,CO
2025-08-31,0.0254463581368327
2025-09-01,0.0273051164112985
2025-09-02,0.0247259543587764
2025-09-03,
2025-09-04,0.0278017992774645
2025-09-05,0.0321721117943525
2025-09-06,0.0318886716850101
2025-09-07,0.0287767636279264
2025-09-08,0.0256648555708427
2025-09-09,0.0225529475137591
2025-09-10,
2025-09-11,0.0288758871611207
2025-09-12,0.0308897257782518
2025-09-13,0.0293517434038221
2025-09-14,0.0329640004783868
2025-09-15,0.0301978792995214
2025-09-16,
2025-09-17,0.032775055617094
2025-09-18,0.0263550085946917
2025-09-19,0.0294034058849016
2025-09-20,0.0242103009174267
2025-09-21,0.0283648264594376
2025-09-22,0.0329321846365928
2025-09-23,
2025-09-24,0.0322544956579804
2025-09-25,
2025-09-26,0.0316934848669916
2025-09-27,0.0370052978396415
2025-09-28,0.0307394261471927
2025-09-29,
2025-09-30,0.028521563236912
2025-10-01,0.0268706331650415
2025-10-02,0.0252197030931711
2025-10-03,0.0358099900186061
2025-10-04,0.0409802533686161
2025-10-05,0.0352138988673687
2025-10-06,
2025-10-07,0.0403962731361389
2025-10-08,0.0376136992126703
2025-10-09,0.040074611082673
2025-10-10,0.0374381588771939
2025-10-11,0.0348348756087943
2025-10-12,0.0322315923403948
2025-10-13,0.0296283090719952
2025-10-14,0.0270250258035957
2025-10-15,0.0340612567961216
2025-10-16,
2025-10-17,0.0325145721435546
2025-10-18,0.0334889795631169
2025-10-19,0.0344633869826793
2025-10-20,0.0344663986137934
2025-10-21,0.0344694102449075
2025-10-22,0.0344724218760217
2025-10-23,0.0344754335071358
2025-10-24,0.03447844513825
2025-10-25,0.0344814567693641
2025-10-26,0.0344844684004783
2025-10-27,0.0292936731129884
2025-10-28,0.0241028778254985
2025-10-29,
2025-10-30,0.0276474418739477
2025-10-31,0.0294197238981723
2025-11-01,0.0301857721060514
2025-11-02,0.0307198613882064
2025-11-03,0.0312539506703614
2025-11-04,0.0317880399525165
2025-11-05,
2025-11-06,0.0308971074409782
2025-11-07,0.0288989208638668
2025-11-08,
2025-11-09,0.0294059173992046
2025-11-10,0.0296594156668736
2025-11-11,0.0299129139345425
2025-11-12,
2025-11-13,0.0304199104698804
2025-11-14,0.0306734087375493
2025-11-15,0.0309269070052183
2025-11-16,0.0311804052728872
2025-11-17,0.0314339035405561
2025-11-18,0.0316874018082251
2025-11-19,0.031940900075894
2025-11-20,
2025-11-21,
2025-11-22,0.0264048463432117
2025-11-23,0.0269284339156
2025-11-24,0.0274520214879884
2025-11-25,0.0279756090603768
2025-11-26,0.0278254017854729
2025-11-27,0.0276751945105691
2025-11-28,0.0275249872356653
2025-11-29,0.0285115386359393
2025-11-30,0.0267194543654719
2025-12-01,
2025-12-02,0.0231352858245372
2025-12-03,0.0291961965461572
2025-12-04,0.0286832482243577
2025-12-05,
2025-12-06,
2025-12-07,0.0271444032589594
2025-12-08,0.02663145493716
2025-12-09,0.0264424535756309
2025-12-10,0.0262534522141019
2025-12-11,0.0260644508525729
2025-12-12,0.0258754494910438
2025-12-13,0.0256864481295148
2025-12-14,0.0254974467679858
2025-12-15,0.0297697181813418
2025-12-16,0.0301517301704734
2025-12-17,0.030533742159605
2025-12-18,
2025-12-19,0.0280583822168409
2025-12-20,
2025-12-21,0.0281041073612868
2025-12-22,0.0281269699335098
2025-12-23,0.0266757342033088
2025-12-24,0.0269788457080721
2025-12-25,0.0278134575734535
2025-12-26,0.0275520318897351
2025-12-27,0.0272906062060168
2025-12-28,0.0270291805222984
2025-12-29,0.0267677548385801
2025-12-30,0.0265063291548617
2025-12-31,0.0262449034711434
2026-01-01,0.025983477787425
2026-01-02,0.0257220521037066
2026-01-03,0.0254606264199883
2026-01-04,0.02519920073627
2026-01-05,0.0249377750525516
2026-01-06,0.0246763493688333
2026-01-07,0.0244149236851149
2026-01-08,0.0241534980013966
2026-01-09,0.0245492003547648
2026-01-10,0.024944902708133
2026-01-11,0.0253406050615012
2026-01-12,0.0257363074148694
2026-01-13,0.0261320097682376
2026-01-14,
2026-01-15,0.0262635491788386
2026-01-16,0.0259993862360715
2026-01-17,0.0257352232933043
2026-01-18,0.0254710603505372
2026-01-19,
2026-01-20,0.0257535586133599
2026-01-21,0.0263002198189497
2026-01-22,
2026-01-23,0.0248824836065371
2026-01-24,
2026-01-25,0.0312157380394637
2026-01-26,0.022766338661313
2026-01-27,
2026-01-28,0.0274551802625258
2026-01-29,0.0297996010631322
2026-01-30,
2026-01-31,0.0332844364456832
2026-02-01,0.0322800772264599
2026-02-02,0.0321738116908818
2026-02-03,0.0320675461553037
2026-02-04,0.0262257293798029
2026-02-05,
2026-02-06,0.033548716455698
2026-02-07,0.0331270284950733
2026-02-08,0.0327053405344486
2026-02-09,0.0322836525738239
2026-02-10,
2026-02-11,0.0314402766525745
2026-02-12,0.0310185886919498
2026-02-13,0.0305969007313251
2026-02-14,0.0301752127707004
2026-02-15,0.0297535248100757
2026-02-16,0.029290482505328
2026-02-17,0.0288274402005804
2026-02-18,
2026-02-19,0.0279013555910851
2026-02-20,0.0274383132863375
2026-02-21,
2026-02-22,
2026-02-23,0.0260491863720946
2026-02-24,0.025586144067347
2026-02-25,0.0251231017625993
2026-02-26,0.0246600594578517
2026-02-27,0.0241970171531041
2026-02-28,0.0251153167337179
2026-03-01,0.0258297268301248
2026-03-02,0.0258463041391223
2026-03-03,0.0258628814481198
2026-03-04,0.0258794587571173
2026-03-05,0.0258960360661149
2026-03-06,0.0250460084062069
2026-03-07,0.024195980746299
2026-03-08,
2026-03-09,0.0351219805888831
2026-03-10,0.033294160850346
2026-03-11,0.0314663411118089
2026-03-12,0.0296385213732719
2026-03-13,0.0265584485605359
2026-03-14,0.0330374175682663
2026-03-15,0.0319401170127093
2026-03-16,0.0300628067925572
2026-03-17,
2026-03-18,0.0276868579288323
2026-03-19,
2026-03-20,0.0281541376607492
2026-03-21,0.0269248283002525
2026-03-22,0.0256955189397558
2026-03-23,0.0244662095792591
2026-03-24,0.031238853931427
2026-03-25,0.0352411394317944
2026-03-26,0.0285409372299909
2026-03-27,0.0295921231930454
2026-03-28,0.0306433091560998
2026-03-29,0.0316944951191544
2026-03-30,
2026-03-31,0.0276479285417331
2026-04-01,0.0256246452530225
2026-04-02,
2026-04-03,0.0288546488930781
2026-04-04,0.0283355281377831
2026-04-05,0.0278164073824882
2026-04-06,0.0300376927480101
2026-04-07,0.0288359280675649
2026-04-08,0.0276341633871197
2026-04-09,0.0274882200174033
2026-04-10,0.0273422766476869
2026-04-11,0.0271963332779705
2026-04-12,0.027050389908254
2026-04-13,0.0269044465385377
2026-04-14,0.0280079294461756
2026-04-15,0.0291114123538136
2026-04-16,0.0245350957848131
2026-04-17,0.0274437530897557
2026-04-18,0.0241431496106088
2026-04-19,0.0284469835460186
2026-04-20,0.0289493380114436
2026-04-21,
2026-04-22,
2026-04-23,0.0278726249622801
2026-04-24,0.0285764168947935
2026-04-25,0.0247733956202864
2026-04-26,0.0280682919546961
2026-04-27,0.0276130516082047
2026-04-28,0.0271578112617134
2026-04-29,0.026702570915222
2026-04-30,0.0262473305687307
2026-05-01,0.0257920902222394
2026-05-02,0.0216633342206478
2026-05-03,0.0224743501748889
2026-05-04,
2026-05-05,0.0240963820833712
2026-05-06,0.0249073980376124
2026-05-07,0.0285462960600852
2026-05-08,0.0274646766483783
2026-05-09,0.0292778748553245
2026-05-10,0.0310910730622708
2026-05-11,0.0256012752652168
2026-05-12,0.0324743641540408
2026-05-13,0.0321183130145072
2026-05-14,0.0308121847920118
2026-05-15,0.0295060565695166
2026-05-16,0.0203225445002317
2026-05-17,0.0302780731581151
2026-05-18,
2026-05-19,0.0262864334508776
2026-05-20,0.024779050455739
2026-05-21,0.0232716674606005
2026-05-22,0.0308911707252264
2026-05-23,0.0266788215376436
2026-05-24,0.0342018865048885
2026-05-25,0.030189860612154
2026-05-26,0.0304694334045052
2026-05-27,0.027155568357557
2026-05-28,0.0293822425107161
2026-05-29,0.0296812256177266
2026-05-30,0.0247846622951328
2026-05-31,0.030672401189804
2026-06-01,0.0246007046662271
2026-06-02,0.0318359564989805
2026-06-03,0.0285271853208541
2026-06-04,0.029498241841793
2026-06-05,0.0269420430995523
2026-06-06,0.0232262662611901
2026-06-07,0.0263586696237325
2026-06-08,0.0315212924033403
2026-06-09,0.0347035881131887
2026-06-10,0.0321139032021164
2026-06-11,0.0306996265426278
2026-06-12,0.0283488810528069
2026-06-13,0.0259981355629861
2026-06-14,0.0308240850766499
2026-06-15,0.0279473215341568
2026-06-16,0.0312668569386005
2026-06-17,0.0246807080693542
2026-06-18,
2026-06-19,0.0293832911799351
2026-06-20,0.0306969098746776
2026-06-21,0.0287477006204426
2026-06-22,0.0258756447583436
2026-06-23,0.031676257494837
2026-06-24,0.0212708972394466
2026-06-25,0.028518009930849
2026-06-26,0.0298310527577996
2026-06-27,0.030638214200735
2026-06-28,0.0296640298329293
2026-06-29,0.0213027680292725
2026-06-30,
2026-07-01,0.026744564063847
2026-07-02,0.0338241849094629
2026-07-03,0.0245816023088991
2026-07-04,0.0280000348575413
2026-07-05,
2026-07-06,0.0292288907803595
2026-07-07,0.0325794881209731
2026-07-08,0.0289278564353783
2026-07-09,0.0280755863835414
2026-07-10,0.0251513393595814
2026-07-11,0.0284973897505551
2026-07-12,0.0318434401415288
2026-07-13,0.0304718115366995
2026-07-14,
2026-07-15,0.0268869106657803
2026-07-16,0.0283703985624015
2026-07-17,0.0283599975518882
2026-07-18,0.0322138145565986
2026-07-19,0.0328915771096944
2026-07-20,0.0315831831345955
2026-07-21,0.0333472912510236
2026-07-22,0.0347567945718765
2026-07-23,0.0361175257712602
2026-07-24,0.0329884309321641
2026-07-25,0.0274013276211917
2026-07-26,0.0296304463408887
2026-07-27,0.0306365029472443
2026-07-28,0.0316425595535999
2026-07-29,0.0326486161599556
2026-07-30,0.0315141081809997
2026-07-31,0.0353931623200575
2026-08-01,0.033758751116693
2026-08-02,
2026-08-03,
2026-08-04,0.0298990323208272
2026-08-05,0.0309875532984733
2026-08-06,0.0274064652621746
2026-08-07,0.0303370705805718
2026-08-08,0.0300170381863911
2026-08-09,0.0310518788173794
2026-08-10,0.0300888195633888
2026-08-11,0.0302569679915905
2026-08-12,0.0325512662529945
2026-08-13,0.0314749032258987
2026-08-14,0.0383138681451479
2026-08-15,0.0350925549864769
2026-08-16,0.0326877157203853
2026-08-17,0.03485360275954
2026-08-18,
2026-08-19,0.0275438381358981
2026-08-20,
2026-08-21,0.0301223210990428
2026-08-22,0.0299336109310388
2026-08-23,0.0354042155668139
2026-08-24,0.0305250696837902
2026-08-25,0.0314893973991274
2026-08-26,0.0296075041405856
2026-08-27,0.0359049886465072
2026-08-28,0.0417198128998279
2026-08-29,0.0385938324034214
2026-08-30,0.0320899905636906
2026-08-31,0.0320899905636906
