id,kelas,label,n_piksel,B02,B03,B04,B08,B11,B12,NDVI,NDWI,NDBI,MNDWI,NDVI_std
0,sawah,1,23,-556.0869565217391,-353.39130434782606,-440.95652173913044,1348.1739130434783,411.7391304347826,-191.1304347826087,1.9796348645750257,-1.721061447081705,-0.5298464225535782,-inf,0.1772102118015791
1,sawah,1,25,-533.24,-328.76,-394.08,1316.96,297.56,-274.12,1.8678642291288385,-1.6802689797388946,-0.6322322565345209,13.461340430265095,0.17031979485470844
2,sawah,1,23,-574.6521739130435,-317.6521739130435,-381.95652173913044,1379.6521739130435,413.8695652173913,-211.69565217391303,1.7820314757264066,-1.6122805689727429,-0.5469012762716838,-1.0280227807689974,0.21608385583633763
3,sawah,1,22,-593.5909090909091,-410.5,-554.2272727272727,1343.1818181818182,427.3181818181818,-221.63636363636363,2.8456492260255355,-2.0757907161585583,-0.5075764101809366,-22.984773801602216,1.6542881938233671
4,sawah,1,25,-554.2,-355.24,-469.6,1155.2,149.88,-383.88,2.469644676228942,-1.9350463446570563,-0.7999798163491134,22.342614193725762,0.46089516264400665
5,sawah,1,28,-532.6428571428571,-346.14285714285717,-451.7857142857143,963.9285714285714,-30.464285714285715,-462.92857142857144,2.987885045405876,-2.224425572961159,-1.1273081535570928,1.237239756810716,0.73194595873431
6,sawah,1,20,-511.95,-240.25,-304.35,1423.8,281.4,-229.55,2.8794501008479068,-1.6327774681617018,-0.7269151784812244,2.602061209218187,4.820882701302409
7,sawah,1,23,-524.3913043478261,-250.7391304347826,-384.7391304347826,882.5217391304348,196.47826086956522,-328.4782608695652,3.6079526869503904,-1.9331805541354146,-0.6485220388114574,1.0626926427109598,2.226415831719424
8,sawah,1,27,-562.2222222222222,-282.7037037037037,-470.55555555555554,779.7037037037037,177.1851851851852,-354.55555555555554,-0.4103584112839846,-2.2810119266860798,-0.6236024482298703,1.7438395534113693,23.09351317402881
9,sawah,1,34,-575.3529411764706,-307.3529411764706,-494.52941176470586,742.4705882352941,172.23529411764707,-392.97058823529414,11.58801899705874,-2.678370668199159,-0.6078719279281526,13.4545696453904,19.14284947616819
10,sawah,1,82,-479.9756097560976,-209.5121951219512,-438.3658536585366,646.3780487804878,-26.98780487804878,-480.4756097560976,4.496006214119537,-2.248944456418112,-1.2632119514125066,1.0853006990443415,10.987979427233322
11,sawah,1,38,-595.8157894736842,-341.89473684210526,-537.9473684210526,746.6842105263158,144.76315789473685,-408.1578947368421,14.329329940454487,-2.8327956954241946,-0.6993045052119031,1.569579237727644,31.63882432908992
13,sawah,1,32,-557.40625,-249.21875,-491.59375,886.9375,341.84375,-343.40625,3.8308026796898855,-1.8439650994010668,-0.4483774792273346,-7.282572510549193,1.6425186326531882
14,sawah,1,74,-580.8783783783783,-267.47297297297297,-545.4459459459459,646.2972972972973,3.8513513513513513,-479.0945945945946,24.63475499101293,-inf,-1.3580112070423542,4.646217479804041,132.84671587326326
15,sawah,1,36,-536.3333333333334,-224.22222222222223,-467.94444444444446,834.5,152.5,-456.4166666666667,2.918395281576607,-1.8959047015635173,-0.7069034260788222,2.8176083598437653,12.72141960186932
16,sawah,1,42,-564.1428571428571,-260.92857142857144,-473.92857142857144,1194.0714285714287,362.9047619047619,-322.0238095238095,2.5296551343559295,-1.5959975968065665,-0.5209490490657938,-3.97343351280883,0.5473199781874284
18,sawah,1,63,-581.031746031746,-223.73015873015873,-429.22222222222223,1053.873015873016,400.22222222222223,-284.6507936507937,2.5920145248489175,-1.567360632862031,-0.4507120954346664,-5.724112252951363,0.7572933897747272
19,sawah,1,48,-599.8541666666666,-361.5208333333333,-460.4166666666667,1115.5833333333333,316.9583333333333,-340.625,2.912490847438495,-2.1181770888151528,-0.5475100701009569,2.78468601176856,1.4751038069215021
20,sawah,1,29,-581.0344827586207,-309.9655172413793,-416.7931034482759,1069.5862068965516,465.17241379310343,-254.79310344827587,2.3034151945112087,-1.8275384942520143,-0.40040299964321696,-inf,0.26349937698207854
21,sawah,1,40,-465.6,-169.025,-134.075,1063.05,579.625,-227.1,1.30566423245787,-1.389810454462148,-0.29326893007249877,-1.907805132155661,0.22584475550132488
22,sawah,1,50,-431.26,-156.38,-205.64,1099.32,529.5,-232.38,1.4601745679941258,-1.336275654689401,-0.3462267677344644,-1.9865108800544353,0.17584714317880865
23,sawah,1,42,-484.3095238095238,-211.16666666666666,-303.54761904761904,1067.857142857143,486.6904761904762,-278.95238095238096,1.8263860118126807,-1.5013424882866975,-0.37351638004230614,-2.6304484778050186,0.24814735011637515
24,sawah,1,27,-513.7407407407408,-276.3703703703704,-466.51851851851853,1390.0,413.6666666666667,-262.44444444444446,2.016151723107731,-1.4977802172880348,-0.5439372897768813,-24.489821511261855,0.16365173388291798
25,sawah,1,55,-542.1272727272727,-302.1636363636364,-375.8545454545455,928.3090909090909,501.27272727272725,-272.74545454545455,2.4865871347745085,-2.061849976616975,-0.292172167131003,-4.234705274968642,0.4994232639627771
26,sawah,1,43,-562.4418604651163,-330.2325581395349,-455.09302325581393,1510.4186046511627,401.2093023255814,-266.7906976744186,1.9017434133150222,-1.571514884948679,-0.5884541669095428,-5.409738610427118,0.21918897746515786
27,sawah,1,45,-504.15555555555557,-227.24444444444444,-318.3333333333333,890.7111111111111,429.7111111111111,-303.7111111111111,2.126696045868751,-1.6908280496502224,-0.34802927381758647,-3.4320047785204957,0.16993248270525627
28,sawah,1,54,-555.5555555555555,-280.7037037037037,-388.64814814814815,1255.962962962963,510.9259259259259,-269.2037037037037,1.940666378640321,-1.5954111049109356,-0.4133165285431346,-3.9090061810200294,0.2767852009350042
29,sawah,1,55,-560.7454545454545,-297.2909090909091,-363.5272727272727,1092.1454545454546,501.90909090909093,-273.27272727272725,2.1079850529766935,-1.8025115710807218,-0.3743898710964443,-5.951365809341209,0.48149680576470616
30,sawah,1,38,-536.1315789473684,-263.7368421052632,-301.89473684210526,953.0526315789474,493.5263157894737,-260.1842105263158,2.1090349000015904,-1.8972191644721843,-0.3081092450617047,-4.048086850697301,0.5663944218187595
31,sawah,1,43,-503.69767441860466,-213.04651162790697,-219.86046511627907,956.8837209302326,495.6279069767442,-216.88372093023256,1.6367446189721915,-1.6262409396603594,-0.32016171656007386,-2.8837327335462564,0.24687038698329244
32,sawah,1,66,-470.6060606060606,-158.6969696969697,-220.43939393939394,1190.4242424242425,505.8484848484849,-261.3787878787879,1.4671730543720833,-1.3187028418900208,-0.40223399463238996,-2.0516246595888457,0.16742875328664017
33,sawah,1,54,-563.7962962962963,-273.537037037037,-318.44444444444446,1167.851851851852,462.5740740740741,-279.55555555555554,1.808651604999795,-1.6535574491850176,-0.43223741249886527,-4.301780044379589,0.3707524354294202
34,sawah,1,50,-624.28,-375.5,-422.02,1386.12,472.32,-301.84,1.888884429845246,-1.7471442595696303,-0.48730336297563737,-5.49222406545798,0.25209716937273724
35,sawah,1,42,-439.35714285714283,-172.54761904761904,-122.54761904761905,1132.142857142857,477.5238095238095,-277.6190476190476,1.2675928961740464,-1.3978641366321116,-0.39666255595267313,-2.2420211842036553,0.2565057160075145
36,sawah,1,23,-431.95652173913044,-122.52173913043478,-134.08695652173913,1383.9130434782608,509.7826086956522,-249.65217391304347,1.2244468628830774,-1.1999572797952647,-0.459998697239912,-1.7005935270017896,0.10256364064726335
37,sawah,1,26,-472.61538461538464,-208.8846153846154,-181.69230769230768,958.7692307692307,435.88461538461536,-281.7692307692308,1.4906034315397734,-1.571364985382861,-0.3711288533747798,-3.0684604636206823,0.1932468481182701
38,sawah,1,27,-581.7037037037037,-313.3703703703704,-378.14814814814815,1152.0740740740741,364.51851851851853,-325.81481481481484,1.9865909797247285,-1.7626137875472394,-0.518945849147668,7.3968684547722106,0.14926434140542383
39,sawah,1,22,-488.77272727272725,-264.27272727272725,-266.8636363636364,874.9090909090909,446.45454545454544,-328.59090909090907,1.8957463585869858,-1.9064845220519115,-0.3219527878848684,-4.214581149881005,0.212613789535357
40,sawah,1,21,-578.0,-287.14285714285717,-368.5238095238095,1352.3809523809523,381.7142857142857,-333.4761904761905,1.754862913213033,-1.5393792041407952,-0.557284381833637,5.2147506331620646,0.3007524271964122
41,sawah,1,26,-554.0769230769231,-256.61538461538464,-248.8846153846154,1306.6923076923076,424.9230769230769,-267.7307692307692,1.473215420936349,-1.4914166954992205,-0.529491512479143,-1.675224884311498,0.05340538709189871
42,sawah,1,32,-521.90625,-167.09375,-335.40625,478.6875,-75.375,-530.0625,7.359227603922811,-2.4291423667539727,-3.130676745196492,0.5285384155553585,28.565571547632256
43,sawah,1,34,-476.3529411764706,-214.94117647058823,-213.47058823529412,1147.1176470588234,729.6176470588235,-23.705882352941178,1.4984160877493706,-1.491118403521239,-0.21470057448897223,-2.078148990998212,0.3398580168503475
44,sawah,1,24,-548.4166666666666,-310.5833333333333,-398.25,946.9166666666666,400.0,-333.375,2.5379755978089515,-2.041034394045406,-0.4072472302100556,5.578169962884395,0.3841878523634831
45,sawah,1,24,-444.8333333333333,-112.20833333333333,-210.5,1137.6666666666667,582.0833333333334,-144.5,1.5308820155666467,-1.284490505544086,-0.32563861050967763,-1.9291204564123572,0.3673146317451577
46,sawah,1,18,-473.94444444444446,-266.6111111111111,-254.05555555555554,917.7777777777778,479.6111111111111,-226.88888888888889,1.843801070913333,-1.9382431969871854,-0.3118531809454873,-14.893227826907317,0.40497891451542956
47,sawah,1,27,-560.4444444444445,-329.3703703703704,-394.962962962963,925.5555555555555,391.25925925925924,-281.7037037037037,2.6364206169001907,-2.2061560575967265,-0.4153651622821805,-4.936863393621513,0.5672415066974372
48,sawah,1,38,-529.5,-228.39473684210526,-268.0263157894737,1070.2105263157894,336.7105263157895,-341.07894736842104,1.7042535187928731,-1.5561934126082781,-0.5205506347561748,-8.124348073434545,0.2832724712856858
49,sawah,1,30,-543.4,-233.46666666666667,-246.33333333333334,1301.1333333333334,683.5666666666667,-135.9,1.4762179943922282,-1.4452476112425066,-0.30944952639608597,-2.1037275875225245,0.11574592145915748
50,non-sawah,0,42,-232.3095238095238,-47.73809523809524,113.5,1087.7380952380952,1853.0238095238096,1440.952380952381,1.2520006243191877,0.7136504036503231,0.2806910100721283,-1.159659729461493,1.6502506175918334
51,non-sawah,0,42,-257.9047619047619,-98.14285714285714,-13.071428571428571,1005.5714285714286,1658.095238095238,1239.904761904762,2.3867062226676357,-0.5406222686086496,0.2660111020047686,-1.2038294307678326,7.077553248675347
52,non-sawah,0,36,-108.83333333333333,101.38888888888889,100.86111111111111,1617.888888888889,1955.75,1418.361111111111,0.9882127373999582,-1.0516915295746805,0.12362767765398647,-0.9737159410953726,0.44399047952755516
53,non-sawah,0,36,-159.58333333333334,-13.88888888888889,126.02777777777777,868.8888888888889,1918.0555555555557,1541.861111111111,0.9361897073898948,-2.1048262019047326,0.38354028168629545,-1.056890194052962,0.6057098324483075
54,non-sawah,0,49,-531.0408163265306,-337.85714285714283,-397.2857142857143,1650.408163265306,1404.0816326530612,756.8571428571429,1.655874264544709,-1.862373212095978,-0.034636862292523544,-1.8799865686165074,0.487783489610941
55,non-sawah,0,25,-324.88,-186.92,-65.44,866.2,1877.44,1456.56,1.4024383376852492,0.23283439184785404,0.38936909433289524,-1.2481231527456114,0.8365915166708441
56,non-sawah,0,25,-315.84,-168.92,-16.0,838.84,1719.48,1315.28,1.0812070273436454,-1.778175469735234,0.35843697073352887,-1.2340422170613936,0.39555938945984664
57,non-sawah,0,36,-304.02777777777777,-164.08333333333334,-65.02777777777777,854.4444444444445,1673.9444444444443,1247.8055555555557,1.4212418668623608,-2.6233821260738672,0.3326737457907431,-1.2701470660064575,0.6320824075635798
58,non-sawah,0,36,-18.13888888888889,124.88888888888889,336.30555555555554,861.5555555555555,2144.75,1836.0,0.8422679673994913,-1.824076494604383,0.4577285225147382,-0.9589122161110372,0.9287626570768784
59,non-sawah,0,40,-303.65,-138.475,11.75,1081.75,1758.325,1352.1,1.1193261935705885,-1.5537111197008049,0.2638819600678812,-1.223592358278448,0.7164738310151869
60,non-sawah,0,42,-129.73809523809524,-1.8333333333333333,132.47619047619048,750.6666666666666,1779.452380952381,1478.6190476190477,1.0173413977827697,-1.8431916765858385,0.41649064875645625,-1.0448707407450688,0.9121935462362961
61,non-sawah,0,42,726.547619047619,926.0714285714286,1133.0,1863.8809523809523,3308.1428571428573,2685.9285714285716,0.6289131446334872,-1.005365269841548,0.3962027810405891,-0.8657813164083817,0.4615879145401868
62,non-sawah,0,42,-237.92857142857142,-100.52380952380952,59.0,848.9047619047619,1710.095238095238,1356.4761904761904,0.9984560045786869,-8.510591407567542,0.3661756564722494,-1.1532132075497885,0.5547455215315386
63,non-sawah,0,49,-143.79591836734693,8.714285714285714,121.55102040816327,1066.8775510204082,1767.938775510204,1398.061224489796,0.9636207241837581,-1.2648428178846995,0.25959117703279355,-1.0569395716088268,0.6617360690589387
64,non-sawah,0,42,-178.97619047619048,-39.666666666666664,169.33333333333334,666.047619047619,1957.857142857143,1704.4761904761904,0.8199450706814037,1.3123375397209196,0.5030906046422277,-1.0700045607194741,0.6022814805576164
65,non-sawah,0,42,-154.78571428571428,18.952380952380953,160.5,964.952380952381,1830.9285714285713,1501.142857142857,0.791700209059063,-1.0879252489842384,0.31925098745904323,-1.0077446799172418,0.37697224870992047
66,non-sawah,0,42,-226.5952380952381,-92.42857142857143,27.11904761904762,693.5714285714286,1618.1904761904761,1327.7380952380952,1.5546035410922983,-0.8942423306062627,0.41434364934131906,-1.192287195571246,2.3997590241154576
67,non-sawah,0,30,-104.96666666666667,70.76666666666667,146.6,1023.7333333333333,1743.3333333333333,1322.3,1.0129847980543825,-1.4215926238964574,0.2820828816576407,-1.0822279046948213,0.6598668782301759
68,non-sawah,0,36,-167.75,-19.305555555555557,188.25,776.2777777777778,1898.6666666666667,1625.888888888889,0.7671837467395268,-1.3724260050462003,0.4284965357079994,-1.0568988962176042,0.46688422576400257
69,non-sawah,0,42,-154.61904761904762,-40.404761904761905,58.833333333333336,847.6666666666666,1715.0,1424.3809523809523,1.0375311263661375,-1.4357621622158625,0.3477414415473432,-1.115042733070111,0.6634331216872433
70,non-sawah,0,42,-246.04761904761904,-90.66666666666667,6.404761904761905,835.3095238095239,1609.047619047619,1178.3809523809523,2.64655946133201,-0.8396546657243917,0.3390589037511197,-1.1793727382427708,6.809109319187519
71,non-sawah,0,25,-252.2,-98.96,26.36,896.52,1769.16,1391.56,1.0173158883625106,-1.3777115417464914,0.33402110049650424,-1.1293499966935763,0.32724822786710317
72,non-sawah,0,30,-191.23333333333332,-35.666666666666664,-7.2,929.9333333333333,1442.4,1054.4,-1.4955256690980236,-1.45864391200897,0.2406028103217241,-1.1310408633000912,16.580412883519084
73,non-sawah,0,30,-343.9,-186.2,-172.1,1160.2666666666667,1583.8666666666666,1040.6666666666667,1.3944788760657765,-1.5302039391921942,0.18637513321427243,-1.3301359577124334,0.3967779229840977
74,non-sawah,0,36,-246.75,-98.69444444444444,31.0,833.6944444444445,1566.9722222222222,1277.3055555555557,1.440369054907732,-1.7781183218700005,0.3221929349978943,-1.2902249306832014,1.0954127949027777
75,non-sawah,0,42,-347.04761904761904,-166.76190476190476,-89.97619047619048,1073.0714285714287,1623.8333333333333,1136.6904761904761,1.2726922386880486,-1.6051040314753262,0.22451295877648597,-1.2815714824457969,0.45965419927616885
76,non-sawah,0,36,-464.3611111111111,-277.1388888888889,-261.05555555555554,1257.7777777777778,1367.5277777777778,814.1944444444445,1.57616872638264,-1.714053993795603,0.05782611292936447,-1.5686259559019924,0.37580323942055566
77,non-sawah,0,36,-376.6666666666667,-221.58333333333334,-117.97222222222223,750.6666666666666,1587.638888888889,1252.9722222222222,4.202705153107139,-0.9640609668370898,0.37538482288942177,-1.368354783898121,11.199641994928774
78,non-sawah,0,30,-244.56666666666666,-106.8,-1.7,875.2333333333333,1691.1,1336.4666666666667,1.1803353628325128,-1.5241450580883178,0.3297392080794036,-1.16379688906368,0.5862539520726194
79,non-sawah,0,30,-105.73333333333333,30.366666666666667,141.4,814.5,1671.2,1326.1333333333334,0.9307615424012334,-1.310608069655642,0.35803136199742097,-1.018726883805624,0.5978291261645649
80,non-sawah,0,42,-183.0952380952381,-17.547619047619047,121.23809523809524,867.8333333333334,1774.7380952380952,1432.3095238095239,0.8962793319556542,-3.99954116018691,0.3699959709243243,-1.0734835027889922,1.486672850990974
81,non-sawah,0,25,-312.64,-151.72,-9.16,880.0,1606.0,1268.08,1.4177804806711864,-2.4702044099061027,0.3040953295057086,-1.2575247147477608,1.0386103619333455
82,non-sawah,0,25,-240.36,-108.2,47.84,651.04,1809.32,1535.76,1.0535730767138531,-1.0608335795428978,0.4805659854691159,-1.1450484564245156,0.547417479482319
83,non-sawah,0,20,-434.0,-272.55,-192.4,878.95,1557.55,1165.95,1.8242592734417802,-2.4918249986607934,0.2925398897438326,-1.4651827499800496,0.9301953965875119
84,non-sawah,0,25,-207.44,-40.68,78.48,994.32,1693.0,1358.24,1.0828136667252077,-1.3974868272938716,0.2644379912953875,-1.182234879895446,0.676651326007474
85,non-sawah,0,30,-298.6666666666667,-150.03333333333333,-53.9,872.6666666666666,1628.4333333333334,1240.5666666666666,1.4018239706913758,3.6534049417585552,0.32215063328259824,-1.3202476140901156,0.7404355912406195
86,non-sawah,0,25,-180.56,-51.84,105.8,802.72,1883.48,1600.84,0.8979258391950306,-1.4395359881943517,0.41195972780751783,-1.0817894123984775,0.4523277106743759
87,non-sawah,0,16,-382.0625,-238.75,-169.75,864.5,1680.625,1320.3125,1.7079674803305291,-2.5261967664857092,0.3321318879792142,-1.3581727785786293,0.7771572453701463
88,non-sawah,0,30,-258.73333333333335,-97.0,71.36666666666666,757.7333333333333,1734.8666666666666,1421.7333333333333,0.9266069652490082,-1.7281038839203946,0.4026455801260285,-1.141169922207726,0.42244902616820706
89,non-sawah,0,25,-290.24,-155.6,-38.56,763.4,1567.32,1268.6,1.1961031087425353,-1.8351285238414574,0.36866597906652115,-1.243409539428098,0.5496202909694512
90,non-sawah,0,20,-135.45,4.15,117.15,835.55,1791.3,1493.65,0.9968818167224465,-1.3951578391550385,0.37126999910134983,-1.036747663912947,0.7113285345114243
91,non-sawah,0,25,-260.44,-122.28,19.64,744.4,1771.04,1435.4,1.1229115023189098,-2.1933207831096384,0.4160535385076101,-1.2005868461314488,0.456745808449504
92,non-sawah,0,25,-274.4,-130.76,33.76,625.48,1791.24,1522.68,0.4552344399433858,-2.0251361732363886,0.49016038639203685,-1.1789285845107225,2.8287581094407557
93,non-sawah,0,20,-176.4,-24.2,289.9,879.2,1929.65,1672.6,0.5669195157611404,-1.139177439357005,0.38000200782426197,-1.0397410873527337,0.2623134510199241
94,non-sawah,0,20,-128.45,38.15,186.55,896.4,1703.4,1408.55,0.8595186077667487,-1.4149517862450867,0.33538778710289646,-0.9873564891364156,0.5857506762148122
95,non-sawah,0,25,-247.72,-98.76,156.08,908.24,1911.84,1660.64,1.1884996994798664,-1.2200487402722597,0.37435819297974926,-1.1281942504365832,1.9119961943385972
96,non-sawah,0,25,-241.72,-80.32,113.32,948.6,1897.4,1591.24,0.9148990934628567,-1.4367252494856138,0.3358924996458266,-1.1337308402933548,0.46129326140881755
97,non-sawah,0,16,-300.1875,-164.875,-55.0,659.9375,1576.5,1294.3125,1.0089740996500542,-2.6321470735298758,0.4429168704787524,-1.3177037368832694,1.498905120272391
98,non-sawah,0,16,-173.0,-68.0,79.25,593.875,1828.5,1571.875,0.8184827883641334,-1.605182452077781,0.5127316802082028,-1.0999208559325395,0.25675113951376766
99,non-sawah,0,25,67.52,239.24,434.64,1045.76,1994.12,1731.08,0.4629523168367919,-0.7590299316534523,0.32054927602629674,-0.8262908319684016,0.28167749338057574
