date,SO2
2025-08-31,-5.799156497232616e-06
2025-09-01,-0.0002345474167668
2025-09-02,-0.0001333970139966
2025-09-03,-3.22466112265829e-05
2025-09-04,7.841700744393165e-05
2025-09-05,3.4909362511825754e-08
2025-09-06,0.000191295534023
2025-09-07,0.0003567557312434957
2025-09-08,0.0003898909781128
2025-09-09,0.0002749074701568
2025-09-10,0.0001599239622009
2025-09-11,4.187020064849729e-05
2025-09-12,-3.568394095054828e-05
2025-09-13,-1.817634040435223e-05
2025-09-14,0.00013179673246980117
2025-09-15,0.0001474756727475
2025-09-16,-0.0001343343731908
2025-09-17,-0.0001179616562391
2025-09-18,-7.23304034976234e-05
2025-09-19,-5.90266314301796e-05
2025-09-20,-6.884350538408128e-05
2025-09-21,-5.2470788432401605e-05
2025-09-22,0.0001380194344164
2025-09-23,-0.0001009986808639
2025-09-24,5.839871482749004e-05
2025-09-25,8.256994284561194e-05
2025-09-26,1.5177678733380162e-05
2025-09-27,1.898461497336256e-05
2025-09-28,7.403223510811918e-05
2025-09-29,6.056944039301016e-05
2025-09-30,-4.354259544924492e-05
2025-10-01,-0.0001476546312915
2025-10-02,0.0002361642145842
2025-10-03,0.00041799258978802544
2025-10-04,0.00026555508558063996
2025-10-05,2.0576735387555844e-05
2025-10-06,-7.521742736571468e-05
2025-10-07,-2.1827402679171603e-05
2025-10-08,2.542668516980484e-05
2025-10-09,-2.9472475944203325e-05
2025-10-10,7.20251512878652e-05
2025-10-11,-8.227749094658066e-05
2025-10-12,4.401799742481672e-07
2025-10-13,-2.947258735730429e-05
2025-10-14,-5.938535468885675e-05
2025-10-15,-6.945785344214528e-05
2025-10-16,1.3675378795596773e-05
2025-10-17,7.561811071354896e-05
2025-10-18,0.0001010222895274
2025-10-19,0.000112623150926
2025-10-20,3.012512934215e-05
2025-10-21,-5.23728922417e-05
2025-10-22,-0.00017327150094215686
2025-10-23,-0.0002173689354094
2025-10-24,-9.87619860097766e-05
2025-10-25,-3.394863415451256e-05
2025-10-26,3.08647177007515e-05
2025-10-27,3.544546916600666e-05
2025-10-28,4.002622063126182e-05
2025-10-29,6.933145732546109e-05
2025-10-30,9.863669401966035e-05
2025-10-31,1.615926157683134e-05
2025-11-01,-8.626061026006937e-05
2025-11-02,3.182794898746532e-05
2025-11-03,0.000149916508235
2025-11-04,3.030851530638756e-05
2025-11-05,0.000127720390689
2025-11-06,-0.0002895998186431
2025-11-07,-0.000338825204106869
2025-11-08,4.675847436009388e-05
2025-11-09,0.0002145922719591
2025-11-10,0.000105888674966
2025-11-11,2.0481545834585032e-05
2025-11-12,-1.4643536815128757e-05
2025-11-13,-2.6472151603229577e-05
2025-11-14,-3.83007663913304e-05
2025-11-15,-5.012938117943122e-05
2025-11-16,-6.195799596753204e-05
2025-11-17,-7.378661075563286e-05
2025-11-18,-8.561522554373369e-05
2025-11-19,-2.306715363431522e-05
2025-11-20,3.948091827510325e-05
2025-11-21,-0.0003100623689533
2025-11-22,-0.0002926152510553
2025-11-23,-0.0002751681331573
2025-11-24,-0.0002577210152593
2025-11-25,-0.0002402738973613
2025-11-26,-0.0002228267794634
2025-11-27,-0.0002053796615654
2025-11-28,-0.0001879325436674
2025-11-29,-0.0001704854257694
2025-11-30,-0.0001523684897616812
2025-12-01,-0.0001355911899735
2025-12-02,-0.0001181440720755
2025-12-03,-0.0001006969541776
2025-12-04,-0.0002128107057614
2025-12-05,-0.0003249244573453
2025-12-06,-0.0001865122972048
2025-12-07,0.00018706410479231775
2025-12-08,0.0003818406767095
2025-12-09,6.772952679060001e-05
2025-12-10,-0.0002463816231283
2025-12-11,-0.000167112055351
2025-12-12,7.971509675796139e-05
2025-12-13,0.0002062195708276
2025-12-14,1.925186855559997e-05
2025-12-15,-0.0001677158337164
2025-12-16,-0.00011573987316794224
2025-12-17,6.84865926814382e-06
2025-12-18,1.7285747048845224e-05
2025-12-19,2.1006373755534384e-05
2025-12-20,3.815992261024803e-05
2025-12-21,4.859701039094944e-05
2025-12-22,-2.4591153002499293e-05
2025-12-23,0.00015256211314697228
2025-12-24,0.0002399329823674
2025-12-25,-1.858687937783543e-05
2025-12-26,0.0001192778508993
2025-12-27,0.0001286935639654
2025-12-28,0.0001381092770316
2025-12-29,0.00013248789576355579
2025-12-30,0.0001122995478605
2025-12-31,8.826672249896159e-05
2026-01-01,6.423389713742318e-05
2026-01-02,4.020107177588476e-05
2026-01-03,7.802945115401343e-06
2026-01-04,-7.864578947192058e-06
2026-01-05,1.3357759371501746e-05
2026-01-06,3.458009769019555e-05
2026-01-07,5.580243600888935e-05
2026-01-08,7.702477432758315e-05
2026-01-09,0.0001140341798115
2026-01-10,0.0001069300515155
2026-01-11,9.982592321950662e-05
2026-01-12,9.272179492350992e-05
2026-01-13,8.561766662751324e-05
2026-01-14,-2.433604095131159e-06
2026-01-15,-0.0001577265953575788
2026-01-16,-0.0002842532218589
2026-01-17,-0.00029074789487187045
2026-01-18,-0.0001255854294868
2026-01-19,0.0001739921717671
2026-01-20,0.0001461863568692
2026-01-21,0.0001183805419713
2026-01-22,9.057472707351754e-05
2026-01-23,6.276891217565672e-05
2026-01-24,5.0049393176772906e-05
2026-01-25,3.769590512092691e-05
2026-01-26,1.1925579883609316e-05
2026-01-27,-8.207325550852162e-06
2026-01-28,-3.961507059102587e-05
2026-01-29,-6.538539582834346e-05
2026-01-30,0.00013648306862434298
2026-01-31,0.0002713867761485
2026-02-01,7.72195181106958e-06
2026-02-02,-0.0001449739065719
2026-02-03,0.0001418383162672
2026-02-04,-6.272763084780308e-05
2026-02-05,-6.949161695501971e-05
2026-02-06,-7.625560306223633e-05
2026-02-07,-8.301958916945296e-05
2026-02-08,-6.900663599751646e-05
2026-02-09,-2.8603712507901943e-05
2026-02-10,3.257615026086569e-05
2026-02-11,6.488025731717426e-05
2026-02-12,9.718436437348284e-05
2026-02-13,0.0001294884714297
2026-02-14,0.0001617925784861
2026-02-15,8.962857418737258e-05
2026-02-16,0.0001399551515532
2026-02-17,0.0001149153513323
2026-02-18,8.987555111155006e-05
2026-02-19,6.48357508907251e-05
2026-02-20,3.9795950669900136e-05
2026-02-21,1.4756150449075174e-05
2026-02-22,-1.0283649771749789e-05
2026-02-23,-3.532344999257475e-05
2026-02-24,6.687969289439387e-07
2026-02-25,3.666104385046263e-05
2026-02-26,4.112386970060939e-05
2026-02-27,0.0001086455376935
2026-02-28,0.0002832891404978
2026-03-01,0.000242075381832838
2026-03-02,9.948059960152024e-05
2026-03-03,7.576329153380357e-06
2026-03-04,-8.432794129475951e-05
2026-03-05,4.930983959638979e-05
2026-03-06,0.0001510254514869
2026-03-07,-0.0001072033607366
2026-03-08,-1.9076421570642563e-05
2026-03-09,-0.00010828778616479986
2026-03-10,-0.0002237711414636
2026-03-11,-0.0001195811282741
2026-03-12,5.0584518248797394e-05
2026-03-13,3.613864646467846e-05
2026-03-14,0.0001287365857933
2026-03-15,7.451669716829201e-07
2026-03-16,9.758015221450478e-05
2026-03-17,0.00011191075060172088
2026-03-18,8.755297858442646e-05
2026-03-19,0.0001361051964671291
2026-03-20,0.00023333432225440382
2026-03-21,0.0002338418639737
2026-03-22,0.0001327610486896
2026-03-23,3.168023340549553e-05
2026-03-24,-0.0001082233502529
2026-03-25,-0.00012475175940847343
2026-03-26,1.1953700777667107e-05
2026-03-27,0.0001564120630064
2026-03-28,-0.0003183328553859
2026-03-29,-6.850671024747636e-05
2026-03-30,0.0002658943706137
2026-03-31,-6.906328007971752e-05
2026-04-01,-0.0002608951035654
2026-04-02,-0.0001364821134153791
2026-04-03,4.3861500671482645e-05
2026-04-04,4.459405698753472e-05
2026-04-05,4.532661330358678e-05
2026-04-06,6.12389176239958e-05
2026-04-07,0.0001919991900649
2026-04-08,9.471231351199094e-05
2026-04-09,0.0001922504585915
2026-04-10,0.00034988744173363183
2026-04-11,0.0003873267487506
2026-04-12,0.0002088799446937
2026-04-13,9.789182538884054e-05
2026-04-14,9.5439083679555e-05
2026-04-15,0.0001670535361881
2026-04-16,0.000203278886147
2026-04-17,0.0003958962697652
2026-04-18,3.1103230867302045e-05
2026-04-19,-0.0003329507150435
2026-04-20,0.0003035875856767
2026-04-21,0.0002980277013193
2026-04-22,0.0002924678169619
2026-04-23,0.0002869079326046
2026-04-24,1.2103627341275567e-05
2026-04-25,9.063746665558778e-05
2026-04-26,-5.685821610258311e-05
2026-04-27,-0.0002263245041831
2026-04-28,-9.475295846379774e-05
2026-04-29,5.053201130065196e-05
2026-04-30,-7.813698175596073e-06
2026-05-01,0.0001500917519204159
2026-05-02,0.0002789800219033
2026-05-03,6.360246561884196e-05
2026-05-04,-7.474041427713018e-05
2026-05-05,0.0001665783972554
2026-05-06,7.551797452156422e-05
2026-05-07,-2.056938888017612e-05
2026-05-08,0.000233069389651
2026-05-09,0.0002887981184343818
2026-05-10,0.0001815374780562
2026-05-11,5.506386999816944e-05
2026-05-12,4.4309578811407846e-05
2026-05-13,0.0002371995196881
2026-05-14,0.0001266937906621
2026-05-15,0.0001655820669838
2026-05-16,0.0002044703433057
2026-05-17,0.0003468890984853
2026-05-18,0.0003038516495053
2026-05-19,0.00017871161938603694
2026-05-20,6.807687623222591e-05
2026-05-21,4.7728040954098105e-05
2026-05-22,0.0001260278386325
2026-05-23,0.0001597375727016
2026-05-24,0.00025037007725281415
2026-05-25,0.0002198674937972
2026-05-26,-2.6458801585249603e-05
2026-05-27,5.656133771481109e-05
2026-05-28,5.675595821230672e-05
2026-05-29,-4.9240674343309365e-05
2026-05-30,0.0002094108021992
2026-05-31,0.00010923742850926203
2026-06-01,-6.825448144809343e-05
2026-06-02,4.58322319900617e-05
2026-06-03,0.00014981651543176432
2026-06-04,0.0001450150014079
2026-06-05,5.8113146224059165e-06
2026-06-06,-0.0001226306303578
2026-06-07,-0.00016686592740156988
2026-06-08,-0.00012428666439727115
2026-06-09,-2.9903458198532466e-05
2026-06-10,0.00011044858838570814
2026-06-11,0.0002562825629500512
2026-06-12,0.0001646769910621
2026-06-13,-0.0001150557754954
2026-06-14,-4.3383060983615e-05
2026-06-15,0.0003103682174696
2026-06-16,0.0001173840773844
2026-06-17,8.23102964204736e-05
2026-06-18,0.0001112569120778
2026-06-19,0.0002124386428477
2026-06-20,0.0003451419979683
2026-06-21,0.0001546271232655
2026-06-22,-4.079480640939437e-05
2026-06-23,0.000236298549737
2026-06-24,5.913777931709774e-05
2026-06-25,0.0001032516399088
2026-06-26,5.127763870405033e-05
2026-06-27,-0.0001421876613676
2026-06-28,0.0001788980671335
2026-06-29,-0.0002708824304136
2026-06-30,0.0003455501482676
2026-07-01,0.0005595621055771271
2026-07-02,0.0004007501265732
2026-07-03,0.0002197390410098
2026-07-04,7.673550862818956e-05
2026-07-05,4.537492804956855e-05
2026-07-06,5.625992798741208e-05
2026-07-07,6.714492792525562e-05
2026-07-08,0.0004192463602521
2026-07-09,0.00041551338214358046
2026-07-10,0.0001947968930835
2026-07-11,2.5731067631339664e-05
2026-07-12,-5.063881690148264e-05
2026-07-13,-8.801970579952467e-06
2026-07-14,5.803468233750906e-05
2026-07-15,8.292232087114826e-05
2026-07-16,3.610323801694904e-05
2026-07-17,4.751719337091612e-05
2026-07-18,0.0001710327160253
2026-07-19,0.0003105952278019
2026-07-20,-0.0001251639923793
2026-07-21,-0.0002376784013904
2026-07-22,-0.0001459065806557
2026-07-23,-0.00014380261056287102
2026-07-24,-0.00023417269344716337
2026-07-25,-0.0001824479168135
2026-07-26,3.1872422823653324e-05
2026-07-27,0.000239327271629
2026-07-28,0.0001343321055173
2026-07-29,2.933693940576632e-05
2026-07-30,3.2848271854734e-05
2026-07-31,0.0001004991891022
2026-08-01,0.0001253649582698
2026-08-02,-0.0001214061048813
2026-08-03,-0.0001348189956236
2026-08-04,-9.857804495065162e-06
2026-08-05,0.0001457241584527
2026-08-06,0.00018493485963115607
2026-08-07,0.0002198813153881
2026-08-08,0.0003603891600505
2026-08-09,0.000391667101212
2026-08-10,0.0001061958064383
2026-08-11,0.0003952806000597
2026-08-12,0.0002344106687814
2026-08-13,0.0001220792619278
2026-08-14,3.0956299724493874e-05
2026-08-15,-1.771263669070322e-05
2026-08-16,4.084072861587629e-05
2026-08-17,0.0002384483232162
2026-08-18,-4.787487478097319e-05
2026-08-19,0.0001163775862854
2026-08-20,1.4972784867950397e-05
2026-08-21,6.546739541590796e-05
2026-08-22,0.00013567438055009246
2026-08-23,0.00017514689853305283
2026-08-24,0.0001181549769171
2026-08-25,-2.3394926756736822e-05
2026-08-26,-0.0001057288136507
2026-08-27,-8.81915730133187e-05
2026-08-28,-9.520609806588763e-05
2026-08-29,-0.00013947392353770807
2026-08-30,-0.0001661760834394
2026-08-31,-0.0001661760834394
